Nombre,Teléfono
Agencia de Marketing Digital y Posicionamiento Web | Maad Chile,+56 2 2581 3675
Onza - Agencia de Marketing Digital en Santiago,+56 9 4291 4100
Adity,+56 2 3224 6478
Agencia de marketing digital - Expande Online,+56 9 8829 7834
LaGencia | Agencia de Marketing Digital | Redes Sociales | Santiago Chile,+56 9 7294 0080
Axei Marketing Digital,+56 2 3215 0360
Rompecabeza Agencia Digital | The Marketing Company,+56 2 3245 1432
PAR Digital | Agencia de Marketing Digital en Chile,+56 9 7147 0182
Agencia LaCalle,+56 9 9273 8980
Mis Visitas - Marketing Digital,+56 9 3417 3315
Kaleya Agencia de Publicidad y Marketing Digital,+56 9 5234 0559
Agencia Marketing Branding Santiago Chile,+56 9 8371 2092
Urban Marketing - Agencia SEO y Paid Media,+56 9 4528 2657
AGENCIA DE MARKETING PARTNER DIGITAL,+56 9 7125 7533
YOPPEN Chile - Agencia de Marketing Internacional y Multilingüe,+56 9 3380 4291
DesignSEO Agencia de Marketing,+56 9 3933 3130
D-Marketing Chile,+56 2 2248 0481
iProspect Chile,+56 2 2756 1800
Webfriends,+56 9 3197 1436
Marketing Digital & SEO para PyMEs en Chile | Agencia Koffein,+56 9 5252 8408
Agencia de Marketing Digital P-Ranking,+56 9 5048 2501
Artemisa Digital Spa.,+56 9 6502 7831
Agencia Laura,+56 9 9996 8482
Agencia de Marketing MasterWolf Agency /,+56 9 3653 0551
Empirika Group - Agencia De Marketing y Publicidad,+56 9 8367 9026
Cliendoo - Marketing Digital,+56 9 8829 6940
Agencia Pulso,+56 9 3433 7858
Redsoft Agencia Digital,+56 9 6599 1170
Digitas Chile,+56 2 2757 3000
BEP BE PARTNERS - Agencia Marketing Digital,+56 2 3216 1841
Agencia Global,+56 2 2247 9800
"Agencia Marketing MEAT Group - Marketing digital, desarrollo web, performance, audiovisual",+56 2 3245 1019
Multiplica Chile,+56 2 2819 8640
MAYO Chile,+56 2 2902 3080
Seonza Agencia de Marketing Digital,+56 9 5877 5321
Marketing Branding Chile - Santiago Oriente,+56 9 8371 2092
Moov Media Group,+56 2 2948 4665
Agencia González,+56 9 9225 8136
Agencia de Marketing TMI - Tu Marca Impacta,+56 9 4952 6631
Go Marketing Group,+56 9 3493 3700
Norte Digital LATAM,+56 2 2938 2385
Agencia Digital IMACOM,+56 2 2233 4996
Agencia SEO Austral - Posicionamiento web en Chile,+56 9 5618 6108
Asesoría Web | Especialista Publicidad Google Ads | Posicionamiento SEO | Experto Adwords | Servicio Agencia en Santiago,+56 9 7767 6883
Agencia de Marketing Chile Make and Bits,+56 9 5622 4535
Agencia Marketboost,+56 9 9895 5821
Marketing Digital Agencia Truall,+56 9 3301 4731
Paxzu Chile | Agencia de Marketing Digital,+56 2 2897 4183
Agencia MKT Digital Chile,+56 9 3642 4942
Chillán Digital - Agencia de Marketing Digital y SEO,+56 9 7380 0207
Copywriters,+56 9 8479 2832
GreenSEO Agency,+1 786-245-4058
Junio Marketing,+56 9 8448 7168
MARKETEA CHILE | AGENCIA DE MARKETING DIGITAL,+56 9 7394 7846
Agencia SEO y de Reputación Online ROI,+56 9 2121 4499
"Diseño Páginas Web Profesionales, Tiendas Ecommerce, Tiendas Virtuales",+56 9 5764 6050
Seology - Agencia SEO Chile,+56 9 5258 1470
Marketing Chile,+56 9 7489 3591
Wamba Marketing,+56 9 9844 7547
LFi,+56 2 2234 9404
Simple,+56 2 2332 1700
Agencia Progresa | Agencia de Marketing Digital | WEB | Ecommerce | SEO | Redes Sociales,+56 9 4200 7310
Diseño Web Empresa Visual Chile Spa.,+56 2 2581 9100
Mentalidad Web,+56 2 2581 4500
Agencia Radical,+56 9 6657 6423
Agencia Slinky.cl,+56 2 3266 8909
Agencia de Marketing Digital Marketing Branding Chile,+56 9 8371 2092
Agencia SEO Online,+56 9 3514 1901
Agencia COBE - Agencia de Marketing Digital - Paginas Web- Diseño Gráfico,+56 9 5537 2678
Nexbu Chile,+56 2 6465 6571
Agencia de Marketing Digital | Oliver Digital,+56 9 7519 7351
Marketing Online,+56 2 3270 9206
Grupo Marketing Chile,+56 9 8563 9233
Agencia Clever Digital | Diseño Web Chile,+56 9 8849 1035
Siete y Media,+56 9 7864 4142
Agencia Marketing Digital | Asciende Chile,+56 9 6660 7750
Massiva - Publicidad Exterior Chile,+56 2 2956 3200
Agencia Menphis Chile,+56 9 7768 1945
MEDIAVOX - Agencia de Marketing Digital y Publicidad,+56 2 3227 4232
Impulsados,+56 9 8387 0290
King Marketing Chile,+56 9 3559 3683
One Media Chile,+56 9 7677 3948
Inbound Marketing,+56 9 2235 7859
Maule Studio | Páginas web - Marketing Digital - Manejo de Redes Sociales,+56 9 3381 9348
OMD Chile | Agencia de Marketing y Publicidad,+56 2 2241 0609
Business Partner Agencia Marketing Digital,+56 2 3210 2314
Lead-In Business Chile,+34 697 83 03 91
Marketiando - Agencia de Marketing Digital en Chile,+56 2 2759 4760
MARKETEA CHILE | AGENCIA DE MARKETING DIGITAL - OFICINA PRINCIPAL,+56 9 7778 9635
Edgy,+56 2 2570 2150
Destaca Marketing y Posicionamiento Web,+56 9 5220 0156
Agencia Tridea - Marketing Digital,+56 9 3553 3326
Puerto Digitaria - Marketing Digital,+56 2 2363 3900
Agencia Marketing y Publicidad EliChile,+56 9 9243 5120
OQO Agencia de Marketing Integral,+56 9 9870 2800
Community Manager Chile,+56 9 8848 1097
Agencia Dos,+56 9 6334 8909
Agencia Chile Marketing Digital,+56 9 3400 9326
Órbita - Agencia de Publicidad Diseño Marketing,+56 2 2839 2702
Ideas Digitales Aplicadas,+56 2 2333 8462
Modo Publicidad SPA,+56 2 2953 0379
Agencia Meteoro Chile,+56 9 5192 4692
NeWeb Chile,+56 9 8816 8728
JCDecaux Chile,+56 2 2346 2352
Agencia Wonder - Agencia de Publicidad en Viña del Mar,+56 9 3340 0574
Agencia De Publicidad Y Marketing Web En Santiago Blue Design Worldwide Chile,+57 304 5479717
Alcance Digital Chile | Agencia de Marketing Digital,+56 9 4437 0654
Agencia de Marketing Divi Chile,+56 9 9236 5869
Agencia de Marketing Digital especializada en Google Ads - ClicRevolution,+56 9 8339 7105
Aurern Marketing Chile,+56 9 9926 0932
Monkads - Agencia de Marketing y Publicidad,+56 9 9402 9528
Visual Marketing Chile,+56 9 8444 0235
Inside Publicidad Chile Limitada,+56 2 2671 5414
"Agencia Manta - Branding, Marketing y Comunicaciones",+56 9 7879 6703
Al Toque Marketing - Agencia de Marketing Digital en Concepción,+56 9 7899 9837
Agencia de Marketing Digital y Diseño Web EliChile,+56 9 9243 5120
Agencia Full,+56 9 8816 8728
"GRUPO SNS: Desarrollo web, Marketing Digital y SEO en Chile",+56 2 2222 0261
Chile Backcountry,+56 9 6839 3950
Marketing Inbound Chile,+56 9 7588 4471
Monkey - Agencia de Marketing Digital,+56 9 8510 5804
Agencia Sunrise,+56 9 8950 7526
Cracker Chile,+56 2 2993 2985
Agencia Publicidad Bromberg,+56 2 2929 7982
Agencia de Marketing Best Solution,+56 2 2825 4855
Agencia Digital Grill,+56 72 277 3238
Servicios Publicitarios Abba Chile,+56 2 2635 3866
Comscore Chile S.A.,+56 2 2963 5810
Branding SEO Posicionamiento de marca en Google | Marketingme,+56 2 3341 5055
Punto Rojo | Agencia SEO en Chile ️,+56 2 2938 1439
DaleLike Chile,+56 9 6454 5168
Agencia Siete Pulso,+56 9 8434 8293
Marketing Chile,+56 9 8889 6102
Online Media Agencia SEO en Chile & Latam Search Engine Optimization,+56 2 2823 8017
OneDigital,+56 9 3555 5726
Imagina Chile,+56 2 2724 0073
CMD Chile - Concept Marketing Design,+56 9 7564 9805
Marketing Branding Agencia Viña del Mar,+56 9 8371 2092
Agencia Creative Mkt,011 15-5509-2782
Viña del Marketing - Agencia de Marketing Digital en Viña del Mar,+56 9 9548 3574
Marketing Digital en Mendoza,0260 405-5040
Britmedia Agencia Digital,+56 2 2919 6507
Seo Sostenible Chile,+56 9 9992 1591
Agencia Q,+56 2 2599 4660
Agencia DOM Chile,+56 9 4073 3554
Lof Marketing,+56 9 7752 9949
Social Brands - Agencia de Branding,+56 9 6587 6462
Sociable,+56 9 8259 4598
Agencia Chan!,+56 2 2791 9096
Agencia Digital Planeador,+56 9 7767 4777
Hoger Agencia Digital Spa,+56 9 4270 6147
Btl Worldwide Chile Ltda,+56 2 2996 2015
Knowledge Innovation Market Chile - KIM Chile,+56 2 2321 0550
Publicitech Chile,+56 2 2242 9262
Agencia de Marketing Digital Po,+56 9 9418 8178
Agencia de Medios Digitales Fusión Digital Chile Ltda.,+56 2 2840 5679
Limón con Sal - Marketing digital de resultados,+56 9 6155 2222
Aknami - Agencia de Marketing Digital y Publicidad,+56 9 6222 7890
Agencia Digital Marketing Pyme,+56 9 6502 2067
PYMERA - Agencia Digital Chile,+56 9 3661 1100
MD Agencia Virtual,+56 9 9128 4087
Cirigliano Trade & Marketing - Diseño Industrial en Chile,+56 9 8695 4207
Asociacion De Marketing Directo De Chile A.G,+56 2 2706 6787
Victor Bahamondes Vergara - Asesoria en Marketing Digital - Chile,+56 9 9238 8520
Ipsos Chile,+56 2 2433 5000
Dactilar Agencia de Marketing Digital,+56 9 5726 1781
Increxa Chile,+56 2 2958 4451
Motor de Marketing Ltda.,+56 9 9450 7714
Tehuentec Agencia de Marketing Digital,+1 346-717-8323
Lemon Digital Marketing,+56 9 5112 0609
Agencia Maestranza,+56 9 7845 4977
Wave Chile | Marketing Digital,+56 9 5624 0865
Maggiore Marketing,+56 9 5202 6029
Altamarea - Agencia Marketing Digital,+56 9 2048 3838
Agencia de Marketing Catapulta Digital SpA,+56 9 9923 0820
ADS VENTAS - Agencia Marketing Digital y Agencia SEO,+56 9 3352 1993
Agencia Easy MKT,+56 9 8242 4642
Guía Comercial de Chile,+56 9 5423 2473
Agencia de marketing y publicidad branders.cl,+56 9 8647 4191
Agencia Blanco,+56 9 8440 1497
P-Per Chile,+56 2 2207 3460
Alce Agencia Digital,+56 9 9313 5144
Caphmedia,0261 306-4564
Global Marketing Chile,+56 9 2001 4722
FOCO MARKETING,+56 9 4278 4410
Creativa Chile - Marketing & Publicidad Digital,+56 73 246 4748
Consultor Seo - Agencia Marketing Digital - Inbound Marketing - Seo - Sem,+56 2 2534 1169
Agencia Seo - Consultor Seo - Agencia de Marketing Digital - Publicidad Internet,+56 2 2721 3093
ButtlerAds,+56 9 5392 1472
9mm Agencia Digital,+56 9 3125 3259
The App Date Chile,+56 2 2870 4002
Agencia Digital Destacados,+56 2 2225 1125
Zanco - Medios Regionales Chile,+56 9 8922 3659
Cuxtomers - Consultora en Customer Success - Chile,+56 9 8730 1310
Agencia Marketing Digital Hostinglemaison,+56 9 6543 1726
Agencia Concepto,+56 9 8631 0316
Slim - Agencia de Marketing Digital,+56 9 3355 1129
Agencia Quiebre,+56 2 2932 5955
Agencia de Marketing Inmobiliario - Roas Digital,+56 9 8521 4423
Agencia Digital Quilombo,+56 2 3239 3063
Libra Chile,+56 2 2224 4478
"Marketing, SEO, Estrategias y Campañas Online: Agencia Digital",+56 9 9743 0535
Parcelaciones Chile,+56 9 4414 4210
winmarketing,+56 9 9499 1035
Agencia Chicle,+56 9 6778 0737
Curso Marketing Digital,+56 2 2581 9000
Agencia de Marketing Digital,+56 2 2728 0513
Agencia de Marketing,+56 9 5692 5468
Agencia de Marketing Digital As Marketing,+56 9 3750 4184
Cooper Marketing,+56 9 4226 5266
Moztro Retail Partner Ltda.,+56 9 9716 6327
Agencia CB,+56 9 9595 3944
Agencia de Marketing Digital | DWSTUDIO,+56 9 7563 7024
Agencia Allegro SpA,+56 9 8157 6346
Millennials Consulting Chile | Zoho Premium Partner,+56 9 9562 0038
G2 Chile Marketing,+56 9 8784 1607
Marketing Click,+56 2 2266 9317
Keyword MKT | Marketing - Diseño - Web - Social Media,0261 248-4174
Agencia SEO,+56 9 4159 2003
Pedidos 58 Chile,+56 9 6903 1008
Voru® Marketing Digital Talca,+56 9 7373 9947
Blissout - Marketing Digital y Desarrollo Web,0261 510-4463
Agencia de Marketing Inmobiliario - AMI,+56 2 2277 2291
Marketing Fusión Chile,+56 9 9824 1310
Etiendas Chile,+56 2 2897 9077
Chile Influencer,+56 9 6242 6234
Agencia Creativa In-Pulse Latinoamerica,+56 9 5313 0057
Productora de Eventos en Chile - Agencia Orquestra,+56 9 6197 5869
Ejemplo,+56 9 9223 8042
Posicionamiento Web Seo Chile - Paginas Web - Marketing Digital,+56 2 2721 3093
Agency,+56 9 7898 1426
Agencia Conversión,+56 9 3010 7855
Moob - Marketing y Publicidad Digital,+56 9 8219 0769
Ibercard Chile,+56 9 5946 6480
Agencia Rueda - Marketing Digital,0261 262-8128
Orquesta Agency,+56 9 8964 6189
Bare International Chile,+56 2 2993 2222
WFilms - Social Media,+56 9 5122 1929
Avalancha,+56 2 2582 0509
GO! Marketing Digital,+56 2 2245 3555
Asuccess Agencia,+56 9 9899 4021
Tuestampa Chile | Servicios Integrales de Internet Limitada,+56 9 5539 5127
NAVI Marketing Digital & Ecommerce,+56 9 8419 5922
Wunderman Chile,+56 2 2940 9900
AGENCIA TOUR CHILE,+56 9 9314 2304
Vectores Agencia de Diseño | Marketing digital,0261 364-7261
Agencia Profesionalmente,+56 9 6775 6551
Adbees Marketing y Publicidad Ltda (WSI An independently owned and operated WSI Franchise),+56 2 2243 8410
Agencia de Marketing Sunrise Latam,+56 9 6647 7666
Gama Chile S.A.,+56 2 2898 2200
Cibergestión Chile,+56 2 2768 0600
MKT Group,+56 2 2631 4100
Brouter,+56 9 8760 4585
Oknegocios,+56 9 3109 3240
Mapcity Contact Center Chile,+56 9 9848 0531
Marketing en Juego,+56 9 6303 7036
Seo Solution Chile - Posicionamiento Web,+56 9 9746 7609
Nova Marketing Digital,0261 15-417-8317
TOP DOCTORS CHILE,+56 2 2760 9055
Kronos Chile,+56 2 3324 3320
LinkSolution Chile,+56 2 3210 3896
Diseño Web Chile,+56 9 9612 1540
Webkonce Chile,+56 9 3224 3182
O3 Comunicaciones,+56 9 9089 4756
Agencia Digital e ECommerce ZenByte,+56 2 3223 2155
Agencia Impacta Digital Chile,+56 9 8624 4373
Agencia Cosmo,+56 9 7444 4775
Mix Branding - Marketing Digital,0261 616-0123
Maraña Agencia Digital,+56 9 3057 2571
Ads Digital Marketing / Registro de Marcas,0261 610-5890
Synergo Chile,+56 2 2582 3900
Click Web Chile,+56 9 8161 8623
Agroconectados - El Portal de Negocios Agrícola de Chile,+56 9 5349 6214
Centric Customer Data Platform Chile,+56 2 3224 9088
